max_depth,avg,time,size,depth,0,1,2,3,4,5,6,7,8,9
26,0.77155247395176274,637.1824948787689,54165616,26,0.76632453681178225,0.76512430779211749,0.77437941208273475,0.77304219542902164,0.78329110795279,0.74556999181201622,0.77196885428253614,0.75604084911781977,0.78537659327925835,0.79440689095754957
27,0.77242513718499439,714.9660360813141,60898047,27,0.7711128101758532,0.77017539794712575,0.77730664071551048,0.77622442437958117,0.78580918247543718,0.75247570640671102,0.74451551106167346,0.75982603590520037,0.78819621475473156,0.79860944802812006
28,0.7807851859606687,762.9992549419403,68349170,28,0.77475035332823616,0.77443870339905929,0.78602653814665491,0.78222586101692293,0.79008064017796453,0.77796659920592004,0.76281516499814606,0.76167228007292276,0.79550405561993043,0.8023716636409286
29,0.78046747744579414,798.0286948680878,76510012,29,0.78069707992555004,0.77791422414791811,0.78246597772525761,0.78596420764816288,0.79099209046530305,0.77946515472199474,0.75370782350760102,0.76015820535797052,0.79712630359212056,0.79618370736606281
